<?xml version="1.0" encoding="UTF-8"?>
<beans xmlns="http://www.springframework.org/schema/beans"
	xmlns:xsi="http://www.w3.org/2001/XMLSchema-instance" xmlns:context="http://www.springframework.org/schema/context"
	xmlns:jdbc="http://www.springframework.org/schema/jdbc" xmlns:jee="http://www.springframework.org/schema/jee"
	xmlns:tx="http://www.springframework.org/schema/tx" xmlns:task="http://www.springframework.org/schema/task"
	xmlns:p="http://www.springframework.org/schema/p"
	xsi:schemaLocation="
		http://www.springframework.org/schema/beans http://www.springframework.org/schema/beans/spring-beans-4.0.xsd
		http://www.springframework.org/schema/context http://www.springframework.org/schema/context/spring-context-4.0.xsd
		http://www.springframework.org/schema/jdbc http://www.springframework.org/schema/jdbc/spring-jdbc-4.0.xsd
		http://www.springframework.org/schema/jee http://www.springframework.org/schema/jee/spring-jee-4.0.xsd
		http://www.springframework.org/schema/tx http://www.springframework.org/schema/tx/spring-tx-4.0.xsd
		http://www.springframework.org/schema/task http://www.springframework.org/schema/task/spring-task-4.0.xsd">
	<description>Spring公共配置 </description>

	<!-- 配置Spring上下文的注解 -->
	<context:annotation-config />
	<!-- 使用annotation 自动注册bean, 并保证@Required、@Autowired的属性被注入 -->
	<context:component-scan base-package="com.bc.bee">
		<context:exclude-filter type="annotation"
			expression="org.springframework.stereotype.Controller" />
	</context:component-scan>
	
	<!-- 属性文件位置 -->
	<context:property-placeholder location="classpath:*.properties" />
	
	<!-- 文件上传 -->
	<bean id="multipartResolver"
		class="org.springframework.web.multipart.commons.CommonsMultipartResolver"
		p:defaultEncoding="utf-8" />

	<bean id="dataSource" class="com.jolbox.bonecp.BoneCPDataSource"
		destroy-method="close">
		<property name="driverClass" value="${bonecp.driveClass}" />
		<property name="jdbcUrl" value="${bonecp.jdbcUrl}" />
		<property name="username" value="${bonecp.username}" />
		<property name="password" value="${bonecp.password}" />
		<property name="idleConnectionTestPeriod" value="${bonecp.idleConnectionTestPeriod}" />
		<property name="idleMaxAge" value="${bonecp.idleMaxAge}" />
		<property name="maxConnectionsPerPartition" value="${bonecp.maxConnectionsPerPartition}" />
		<property name="minConnectionsPerPartition" value="${bonecp.minConnectionsPerPartition}" />
		<property name="partitionCount" value="${bonecp.partitionCount}" />
		<property name="acquireIncrement" value="${bonecp.acquireIncrement}" />
		<property name="releaseHelperThreads" value="${bonecp.releaseHelperThreads}" />
	</bean>

	<bean id="sessionFactory"
		class="org.springframework.orm.hibernate5.LocalSessionFactoryBean">
		<property name="dataSource" ref="dataSource" />
		<property name="packagesToScan" value="com.bc.bee.entity" />
		<property name="hibernateProperties">
			<props>
				<prop key="hibernate.dialect">${hibernate.dialect}</prop>
				<prop key="hibernate.show_sql">${hibernate.show_sql}</prop>
				<prop key="hibernate.format_sql">${hibernate.format_sql}</prop>
				<prop key="hibernate.useUnicode">${hibernate.useUnicode}</prop>
				<prop key="hibernate.characterEncoding">${hibernate.characterEncoding}</prop>
				<prop key="hibernate.temp.use_jdbc_metadata_defaults">false</prop>
				<prop key="current_session_context_class">thread</prop>
			</props>
		</property>
	</bean>
	<!-- 使用annotation定义事务 -->
	<bean id="transactionManager" class="org.springframework.orm.hibernate5.HibernateTransactionManager">
		<property name="sessionFactory" ref="sessionFactory" />
	</bean>
	<tx:annotation-driven transaction-manager="transactionManager" proxy-target-class="true" />
</beans>